threshold,positive,negative,portion_pos,conc_lower,conc_upper,conc_exact
0,82,106,0.4372237721919007,630.8454967395342,913.1408955410667,764.5168582569394
