threshold,positive,negative,portion_pos,conc_lower,conc_upper,conc_exact
0.115,2,143,0.014492753623188422,-1.7281822318876885,29.55438747062262,13.78354854001804
