threshold,positive,negative,portion_pos,conc_lower,conc_upper,conc_exact
0,38,56,0.4119007889279796,529.420319090875,909.6302640674514,705.983741260471
